<?xml version="1.0" encoding="UTF-8"?>
<!DOCTYPE hibernate-configuration PUBLIC "-//Hibernate/Hibernate Configuration DTD 3.0//EN" "http://hibernate.sourceforge.net/hibernate-configuration-3.0.dtd">
<hibernate-configuration>
    <session-factory>
        <property name="connection.driver_class">com.mysql.jdbc.Driver</property>
        <property name="connection.url">jdbc:mysql://localhost:3306/sma</property>
        <property name="connection.username">sma</property>
        <property name="connection.password">sma2017</property>
        <property name="connection.pool_size">1</property>
        <property name="dialect">org.hibernate.dialect.MySQLDialect</property>
        <property name="current_session_context_class">thread</property>
        <property name="cache.provider_class">org.hibernate.cache.NoCacheProvider</property>
        <property name="show_sql">true</property>
        <property name="hbm2ddl.auto">validate</property>
        <mapping class="Model.EntityPSS" />
        <mapping class="Model.ActivityPSS" />
        <mapping class="Model.AgentPSS" />
        <mapping class="PROV.DM.ProvAgent"/>
        <mapping class="PROV.DM.ProvEntity" />
        <mapping class="PROV.DM.ProvWasDerivedFrom" />
        <mapping class="PROV.DM.ProvUsed" />
        <mapping class="PROV.DM.ProvPrimarySource" />
        <mapping class="PROV.DM.ProvWasEndedBy" />
        <mapping class="PROV.DM.ProvWasAssociatedWith" />
        <mapping class="PROV.DM.ProvRevision" />
        <mapping class="PROV.DM.ProvActedOnBehalfOf" />
        <mapping class="PROV.DM.ProvActivity" />
        <mapping class="PROV.DM.ProvWasStartedBy" />
        <mapping class="PROV.DM.ProvWasAttributedTo" />
        <mapping class="PROV.DM.ProvHadMember" />
        <mapping class="PROV.DM.ProvWasStartedByAA" />
        <mapping class="PROV.DM.ProvWasEndedByAA" />
        <mapping class="PROV.DM.ProvWasInvalidatedBy" />
        <mapping class="PROV.DM.ProvWasInformedBy" />
        <mapping class="PROV.DM.ProvActedOnBehalfOfAgAc" />
        <mapping class="PROV.DM.ProvWasDerivedFromEA" />
        <mapping class="PROV.DM.ProvWasAssociatedWithAE" />
        <mapping class="PROV.DM.ProvQuotation" />
        <mapping class="PROV.DM.ProvSpecializationOf" />
        <mapping class="PROV.DM.ProvWasGeneratedBy" />
        <mapping class="PROV.DM.ProvAlternateOf" />
    </session-factory>
</hibernate-configuration>
